{
  "eye": {
    "orientation": [
      -0.354348748922348,
      -0.9129728674888611,
      0.06468069553375244,
      -0.19166111946105957
    ],
    "magnitude": 1,
    "position": [
      515.7901611328125,
      101.03407287597656,
      196.85958862304688
    ]
  },
  "radius": 793.2212524414062,
  "type": "PERSPECTIVE"
}